{"num_qubits": 4, "num_circuit": 4, "num_generation": 4, "current_generation": 4, "fitnessss": [[0.9230769230769231, 0.9230769230769231, 0.8846153846153846, 0.6538461538461539], [0.8846153846153846, 0.9230769230769231, 0.8076923076923077, 0.7307692307692307], [0.7307692307692307, 0.8846153846153846, 0.8076923076923077, 0.6538461538461539], [0.8846153846153846, 0.8076923076923077, 0.8461538461538461, 0.8076923076923077]], "best_fitnesss": [0.9230769230769231, 0.9230769230769231, 0.8846153846153846, 0.8846153846153846], "prob_mutate": 0.01, "num_cnot": 3, "depth": 4, "num_rx": 1, "num_ry": 1, "num_rz": 2}